title,mp_name,constituency,state,district,block,category,executing_agency,contractor,sanction_year,allocated_amount,spent_amount,progress_percent,status,beneficiaries,latitude,longitude,description
Construction of community hall at Mandar village,Shri Devji Patel,Jalore,Rajasthan,Sirohi,Sirohi,Community Halls,Zilla Parishad Engineering Wing,Maru Constructions,2024,28.50,11.25,40,In Progress,2500,24.9012,72.8431,Community hall with assembly area and sanitation block for Mandar gram panchayat.
Installation of solar street lights in ward 7,Shri Devji Patel,Jalore,Rajasthan,Sirohi,Sheoganj,Solar and Non-conventional Energy,State Electricity Distribution Company,Surya Power Systems,2024,12.00,12.00,100,Completed,1800,25.1372,72.6981,Sixty LED solar street lights along the main approach road and market area.
Repair of approach road to Kalandri primary school,Shri Devji Patel,Jalore,Rajasthan,Sirohi,Kalandri,"Roads, Pathways and Bridges",Public Works Department (PWD),Ratan Infra Works,2024,35.00,9.80,25,Delayed,3200,24.7745,72.7156,Nine hundred metres of blacktopped approach road with side drains.
Drinking water pipeline extension at Pindwara,Shri Devji Patel,Jalore,Rajasthan,Sirohi,Pindwara,Drinking Water Facility,Jal Jeevan Mission District Unit,Aravalli Pipelines,2023,42.00,39.60,92,In Progress,5400,24.7942,73.0558,Four kilometres of pipeline extension covering three outlying hamlets.
Additional classrooms at Government Senior Secondary School,Shri Devji Patel,Jalore,Rajasthan,Sirohi,Sirohi,Education - School Buildings,State Education Infrastructure Board,Vidya Builders,2023,55.00,55.00,100,Completed,900,24.8721,72.8894,Four additional classrooms with furniture and a staff room.
Upgradation of primary health sub-centre,Shri Devji Patel,Jalore,Rajasthan,Sirohi,Reodar,Health & Family Welfare,District Health Society,Arogya Constructions,2023,48.00,14.40,30,Delayed,7600,24.6183,72.6427,Extension of the sub-centre with a labour room and waiting area.
Construction of anganwadi centre at Bhatana,Shri Devji Patel,Jalore,Rajasthan,Sirohi,Reodar,Anganwadi and Child Care,Rural Development Engineering Department,Bal Vikas Nirman,2025,18.50,4.20,22,In Progress,600,24.6539,72.5908,Single-room anganwadi centre with kitchen and toilet.
Rainwater harvesting structures at six village ponds,Shri Devji Patel,Jalore,Rajasthan,Sirohi,Pindwara,Rainwater Harvesting,Irrigation Department - Division Office,Jal Sanchay Agencies,2025,26.00,0.00,0,Not Started,4100,24.8306,73.0211,Desilting and embankment repair at six traditional village ponds.
Skill development centre for rural youth,Shri Devji Patel,Jalore,Rajasthan,Sirohi,Sheoganj,Skill Development Centres,Rural Development Engineering Department,Kaushal Infra,2025,32.00,6.40,18,In Progress,750,25.1108,72.7240,Two-room training centre with computer laboratory and workshop space.
Bus shelter construction on Sirohi-Abu Road stretch,Shri Devji Patel,Jalore,Rajasthan,Sirohi,Sirohi,Bus Shelters and Public Transport,Public Works Department (PWD),Pathik Constructions,2025,9.50,9.50,100,Completed,2200,24.8398,72.8607,Four roadside passenger shelters with seating and route information boards.
